prop_id,statement,type,source_doc,status,depends_on
P001,量子化耦合常数本身 时空与标准模型在禁闭边界涌现（十三部分总纲）,定理,D005,已陈述,D001;D007
P002,引力=物质自组织的因果条件 分化为GR（广度）与FG（深度） 前时空前置,命题,D006,已陈述,D005;D030;D042;D028
P003,物质先在 物理实在经自组织同步展开 引力是因果同步的必要前提,命题,D007,已陈述,D005;D006;D030;D012
P004,质数是源 GL(5)是谐振腔 GRH是实谱条件 同步算符是换能器,命题,D008,已陈述,D007;D005
P005,量纲发生学 每压掉一个量纲冒出特征常数 K下标转换常数族,命题,D009,已陈述,D010;D007;D014
P006,群是物质自组织的组织约束体现 约束性=不变性,命题,D010,已陈述,D009;D028;D005
P007,声子是贯穿前时空/GR/FG三层的核心量子媒介（曲率量子）,命题,D011,已陈述,D007;D012;D028;D006
P008,CFT描述临界自组织态扩大的机制 同时是同步的过程机制,命题,D012,已陈述,D007;D008;D028
P009,不另立量子引力层 FG就是FG 体系采用假设二（禁闭内部=QCD）,假设,D013,已陈述,D028;D007;D008
P010,G_N=ℏc/(m_p²)·I·λ_c·☯²·𝔠₁·exp(-2/☯)·(1+κ☯) 偏差约-3ppm,构造,D014,构造后验数字校验待独立复现,D008;D050;D019
P011,退相干=质子集体引力因果限制结构的因果截断（关系性）四层结构,命题,D015,已陈述,D005;D042
P012,跨层级退相干深耦合机制统一退相干过程 回应唯一性难题,命题,D016,已陈述,D015
P013,3已知+2待推+物理存在性⇒交叉RH成立,命题,D017,已陈述,D001;D005;D008;D026
P014,边界长度半已解 相位半S(T)是唯一实质缺口 五重联系整合,命题,D018,已陈述,D017;D009
P015,定义-公理-定理-证明 ☯三重恒等+G_N构造11.1,定理,D019,已陈述,D005;D042
P016,质量是自守关联的涌现结果 其它粒子是π_p的朗兰兹函子性分化,命题,D020,已陈述,D009;D005;D008;D014
P017,Wyler常数可用A₄群论不变量表达 嵌入SU(5)重组实现链,定理,D021,已陈述,D005;D028
P018,贝里曲率与Regge曲率共享联络-曲率-和乐骨架 关联是结构性的,命题,D022,已陈述,D028;D032;D007;D006
P019,规范对称性从不破缺 超导=U(1)//Z_n重组 SU(5)五重态含内禀时间坐标,命题,D023,已陈述,D007;D008;D005;D011;D012
P020,自守形式是局部共形对称性与全局模对称性同步的数学结晶,命题,D024,已陈述,D012;D008;D010;D028
P021,置乱时间普适下界 GRH=实谱条件 置乱与退相干同一原理两面向,命题,D025,已陈述,D010;D005;D008;D007
P022,扬弃Hilbert-Pólya 保留内核超越为物理过程铸造算符,命题,D026,已陈述,D007;D017;D005
P023,三重危机同一辩证病根 CQM为合题（新层级涌现论）,命题,D027,已陈述,D015
P024,FG=GR基态非平庸激发 底空间主丛上的联络 完整同步谱⟺RH∧GRH,定理,D028,已陈述,D008;D005;D030;D007
P025,纤维丛数学↔CFT结构严格定量映射 同一数学两种诠释,定理,D029,已陈述,D028;D011;D012;D007
P026,超导=FG底空间主丛伴丛的全局同步截面（同步再锁定）,命题,D030,已陈述,D006;D007;D011;D005;D028
P027,元素周期表可导出 T_c自由能框架 缺口G9-G22权威表,命题,D031,已陈述,D030;D032;D008;D007
P028,每个FG层级都有自己的同步算符 补入分子FG闭合δ_intrinsic缺口,命题,D032,已陈述,D030;D031
P029,四层FG剖分方法论与统一计算链,命题,D033,已陈述,D030;D032
P030,11库形式化验证状态 748定理/30公理待证 缺口闭合表,命题,D042,已陈述,D019;D030;D004
P031,GN库101定理 零sorry 零新增axiom,定理,D043,已证明,D019
G001,缺口C：退相干稳态为何恰好是A₄（正四单纯形）,缺口,D005,未闭合,
G002,缺口G2：耦合空间→双曲Laplacian的必要性,缺口,D008,待证明,
G003,缺口G3：D̂=-i(∂_u-1/2)的唯一性,缺口,D008,待证明,G002
G004,缺口G4：D̂→Ĥ=D̂²+1/4的涌现,缺口,D008,待证明,G003
G005,缺口G5：退相干→边界条件ϑ_n锁定（归属待裁定）,缺口,D005,待证明,G004
G006,缺口G6：未定义（占位）,缺口,D005,占位,
G007,缺口G7：Σ_ij的第一性数值来源,缺口,D005,待证明,
G008,缺口G8：CP破坏相位δ的严格来源,缺口,D005,待证明,
G009,缺口G9：曲率截断共振窗口σ来源与标定,缺口,D031,未闭合,
G010,缺口G10：闭环条件函数的动力学形式,缺口,D031,未闭合,
G011,缺口G11：D_lattice正四单纯形组合构型→声子谱,缺口,D031,未闭合,
G012,缺口G12：引力拓扑因子T_grav度规依赖,缺口,D031,未闭合,
G013,缺口G13：BCS积分tanh→对数渐近,缺口,D031,闭合,
G014,缺口G14：中子缺陷谱判据detD=8-3δ²,缺口,D031,闭合,
G015,缺口G15：主次结构谱间隙差→同位素效应映射,缺口,D031,未闭合,
G016,缺口G16：因果分辨率形式化（角亏密度→Ricci标量）,缺口,D031,未闭合,
G017,缺口G18：主丛曲率机制关键参数第一性提取,缺口,D031,部分闭合,
G018,缺口G19：和乐相位闭合≈1容差标定,缺口,D031,未闭合,
G019,缺口G21：赝能隙相图→ARPES/STM映射,缺口,D031,未闭合,
G020,缺口G22：T_c丛作用量交叉构造推导,缺口,D031,公式推导完成严格性待提升,
G021,缺口N1：质量-谱映射m∝λ_min待严格化,缺口,D006,待证明,D043
G022,缺口N2：角亏-δ显式几何公式ϵ(δ)缺失,缺口,D006,待证明,
G023,缺口N3：β衰变动力学条件缺失,缺口,D006,待证明,
G024,缺口N4：氘核结合能精确推导,缺口,D006,待证明,
G025,层级假设H3.1,假设,D032,axiom,
G026,层级假设H3.2,假设,D032,axiom,
G027,层级假设H3.3,假设,D032,axiom,
G028,黎曼猜想,猜想,D017,猜想,D042
G029,Mathieu临界,构造,D019,数值验证,
G030,素数冻结假设,假设,D007,axiom,
G031,Tate自对偶,假设,D008,axiom,
G032,G_N变分原理,构造,D014,数值验证待独立复现,