concept_id,name,type,definition,source_doc,source_loc,synonyms
C001,前时空,本体论,物质存在之前的因果结构基底,D006,§一,
C002,物质先在,本体论,物质先于时空存在,D005,§1.3,
C003,再生产,本体论,幂等算符 μ²=μ 描述自组织,D005,§1.3,幂等自组织
C004,因果集,数学结构,"(X,≺) 偏序集描述因果",D005,§1.3,
C005,禁闭边界,本体论,物质自组织的边界 4-单纯形 A₄,D005,§7.1,
C006,禁闭内部,本体论,禁闭边界内部假设为 QCD,D013,假设二,
C007,物质自组织,本体论,物质经自组织同步展开为物理实在,D007,§1,
C008,退相干,本体论,质子集体引力因果限制的因果截断,D015,§一,
C009,因果网络同步理论,理论框架,CNST 描述引力如何使因果结构成为可能,D007,标题,因果动力学理论
C010,质数前网络,数学结构,P∞ 质数构成的因果前网络,D008,§0,
C011,自我限制算符,数学结构,R̂ 自我限制算符,D007,§9,
C012,同步算符,数学结构,Ŝ₀ 紧化算符 描述同步,D008,§9,紧化算符
C013,GL5固定层级,群论,GL(5) 潜能先在的固定层级,D008,§0,
C014,SU5基态,群论,SU(5) 基态经重组实现破缺为标准模型,D008,§0,
C015,重组实现,关系类型,多因一果的有向超边 ⇒,D005,§1.3,
C016,内禀时间,本体论,内禀时间坐标,D023,§五,
C017,GR,引力层级,广度前提 平庸因果网络=时空 基态,D006,§二,
C018,FG,引力层级,深度前提 GR基态的非平庸激发,D006,§二,精细引力
C019,引力因果限制场,引力层级,引力固有时场,D015,§一,
C020,主丛,纤维丛,"P(M,G) 主丛",D028,§3,
C021,伴丛,纤维丛,E_R 伴丛,D028,§3,
C022,联络,纤维丛,A 主丛联络,D028,§3,
C023,曲率,纤维丛,F=dA+A∧A 曲率2形式,D028,§3,
C024,和乐,纤维丛,W_v 和乐算符,D028,§3,
C025,Regge剖分,几何,时空的单纯形剖分,D006,§二,
C026,角亏,几何,δ_v Regge剖分顶点角亏,D006,§二.5,
C027,固有时流速,几何,v_τ=√(1−βδ_v) 固有时流速,D015,§三,
C028,Regge铰链,几何,Regge铰链结构,D006,§二.5,
C029,中子缺陷矩阵,几何,D(δ) 中子缺陷矩阵,D006,§二.5,
C030,元素嘉当矩阵,群论,C_element 元素嘉当矩阵,D006,§二.5,
C031,对数比参数,几何,β=(1/4π)ln(L/a),D015,§三,
C032,时间量纲,量纲,T 第一量纲,D009,§6.1,
C033,长度量纲,量纲,L 长度量纲,D009,§6.1,
C034,质量量纲,量纲,M 质量量纲,D009,§6.1,
C035,电荷量纲,量纲,Q 电荷量纲,D009,§6.1,
C036,温度量纲,量纲,Θ 温度量纲,D009,§6.1,
C037,物质的量量纲,量纲,N 物质的量量纲,D009,§6.1,
C038,发光强度量纲,量纲,J 发光强度量纲,D009,§6.1,
C039,量纲转换常数族,量纲,K_L K_M K_Q K_Θ K_N K_J,D009,§6.3,
C040,自守形式,数论,局部共形与全局模对称性同步的数学结晶,D024,§1,
C041,自守因子,数论,j 量纲因子,D009,§6.4,
C042,极大关系群,群论,G_max(f) 极大关系群,D009,§6.4,
C043,黎曼zeta函数,数论,ζ(s) 黎曼zeta函数,D008,§3,
C044,黎曼xi函数,数论,ξ(s)=ξ(1−s) 完成后的xi函数,D008,§3,
C045,黎曼零点,数论,γ_n 黎曼零点虚部,D008,§3,Riemann zeros
C046,耦级,数论,𝔠_n=1/4+γ_n² 配对不变量,D008,§3,能级
C047,第一耦级,数论,𝔠₁=1/4+γ₁²≈0.5211,D008,§3,
C048,相变量子,数论,☯=ξ'(1)/ξ(1)≈0.02309570897,D008,§3,☯
C049,谱算符,数论,Ĥ_HP=D̂²+1/4 Hilbert-Pólya算符,D008,§4,
C050,耦谱定理,数论,Sierra-CQM 耦谱定理,D019,§5,
C051,RH,数论,黎曼猜想/交叉RH,D017,标题,黎曼猜想
C052,GRH,数论,广义黎曼猜想 实谱条件,D028,§0.5,
C053,4-单纯形,几何,正四单纯形 A₄,D005,§7.1,
C054,A4嘉当矩阵,群论,A_4=Cartan(SU(5)),D005,§7.1,
C055,边面关联矩阵,几何,M=EᵀE 本征值{9¹4⁴1⁵},D005,§7.1,
C056,Dynkin指数比,群论,I=5/3,D014,§5,
C057,Mathieu临界,数论,λ_c≈1.316022911308,D019,§5,
C058,谱修正,数论,κ=(31+☯)/30,D031,§11,
C059,Weyl群,群论,S_5 Weyl群,D005,§7.2,
C060,耦合坐标,物理,u=ln r 耦合坐标,D008,§5,
C061,耦合动量,物理,p_u=v_τ/☯ 耦合动量,D008,§5,
C062,海森堡代数,物理,"[û,p̂_u]=i 海森堡对易",D008,§5,
C063,跃迁耦级谱,物理,Δu_n=2ln n 跃迁耦级,D030,§2,
C064,资格条件,物理,Δδ_0≥☯√(1−βδ_v)/(2β ln n),D030,§2,
C065,结构群叠加态,物理,|Ψ⟩ 结构群叠加态,D030,§2,
C066,候选群族,群论,U(1)//Z_n 候选群族,D023,§1,
C067,丛作用量,物理,F_n 丛作用量,D030,§2,
C068,主导群,群论,G_主导=argmin F_n,D030,§2,
C069,超导同步算符,物理,Ŝ_super 超导同步算符,D030,§2,
C070,临界温度,物理,T_c 超导临界温度,D030,§2,
C071,声子,物理,曲率量子 Δδ_v 贯穿三层的媒介,D011,标题,
C072,赝能隙,物理,超导赝能隙相图,D031,§11,
C073,FG层级四元组,纤维丛,(M_ℓ P(M_ℓ G_ℓ) A_ℓ Ŝ_ℓ),D032,§2,
C074,共形固定点,共形场论,β(g)=0 共形固定点,D012,§1,
C075,共形自举,共形场论,OPE结合律 共形自举,D012,§1,
C076,Virasoro代数,共形场论,Virasoro生成元 {L_n},D012,§2,
C077,中央荷,共形场论,c Virasoro中央荷,D012,§2,
C078,共形维度,共形场论,h 共形维度,D012,§2,
C079,Dirac条件,共形场论,Dirac方程约束,D012,§3,
C080,朗兰兹函子性,数论,朗兰兹纲领函子性,D020,§1,
C081,G_N,物理,牛顿引力常数 构造后验数字校验待独立复现,D014,§5,
C082,Wyler常数,数论,α_W Wyler常数 A₄群论不变量,D021,标题,