arg_id,premises,conclusion,type,source_doc,source_concept
H001,物质先在;再生产幂等μ²=μ,物质自组织,重组实现,D005;D007,C002;C003→C007
H002,物质自组织;同步算符,SU(5)基态,重组实现,D007;D008,C007;C012→C014
H003,"本征值{9,4,1};S_5表示论",SU(5)规范群结构,重组实现,D005;D019,C055;C059→C014
H004,前核子自组织;粗粒化,禁闭边界A_4,重组实现,D005,C007→C005
H005,质子;中子缺陷α_4,Regge铰链/非零角亏,重组实现,D006,C029→C028
H006,物质晶胞分布内禀不均匀性,Regge角亏δ_v,映射,D006,C007→C026
H007,粒子A_4;中子D(δ),元素嘉当矩阵C_element,重组实现,D006;D030,C054;C029→C030
H008,晶胞量子振荡,声子/角亏涨落,重组实现,D011;D030,C071→C026
H009,不确定性;跃迁耦级2ln_n,资格条件,重组实现,D030,C063→C064
H010,λ_2(T_c)=λ_1(T_c),丛作用量交叉F_1=F_2,重组实现,D030,C070→C067
H011,电子FG;元素FG;分子FG;晶胞FG,紧化算符层级化实现,重组实现,D032,C073→C012
H012,物质自组织基态同步SU(5),各因子层GL(n)谱/残留,重组实现,D029,C014→C013
H013,局部共形对称性;全局模对称性,自守形式,重组实现,D024,C074;C075→C040
H014,时间侧自守形式;空间侧自守形式,c,重组实现,D009,C040→C048
H015,算符;不确定性关系;带误差谱带;边界条件;经典化;物理存在性,交叉RH成立,重组实现,D017,C049→C051
H016,I;λ_c;☯²;𝔠_1;exp(-2/☯);(1+κ☯),G_N,重组实现,D019;D014,C056;C057;C048;C047;C058→C081
H017,四个基约束性h;r;|W(A_4)|;tr(A_4),Wyler常数α_W,重组实现,D021,C054→C082
A001,前时空,GR,演化,D006,C001→C017
A002,GR基态,FG,演化,D006,C017→C018
A003,FG,超导,演化,D030,C018→C026
A004,4-单纯形边-面结构,"M=EᵀE本征值{9,4,1}",映射,D005,C053→C055
A005,SU(5)紧致部分,U(1)//Z_n商结构→α,映射,D023,C014→C066
A006,δ_v,联络A_FG→伴丛曲率F,映射,D028,C026→C022
A007,δ_v,固有时流速v_τ=√(1−βδ_v),映射,D015,C026→C027
A008,ζ欧拉乘积,局部耦合核κ_p,映射,D008,C043→C058
A009,显式公式,同步格林函数ψ(e^u),映射,D008,C044→C060
A010,函数方程ξ(s)=ξ(1−s),同步算符厄米性S=S†,等价,D008,C044→C012
A011,耦级𝔠_n为实,L函数零点位于临界线,等价,D008,C046→C051
A012,RH,GL(5)固定层级实谱条件,等价,D008,C051→C013
A013,黎曼零点γ_n,耦级𝔠_n=1/4+γ_n²,映射,D008,C045→C046
A014,☯=ξ'(1)/ξ(1),λ_1=-B（三重恒等）,等价,D008,C048→C048
A015,☯谱表示Σ1/(γ_n²+1/4),RH（单向推论）,依赖,D008,C048→C051
A016,没有质量尺子;耦合锁死为纯数字,共形固定点β(g)=0,重组实现,D012,C074→C074
A017,同步本征态;耦合本征态,群本征态,重组实现,D008,C012→C014
A018,纤维丛截面ψ,CFT primary operator φ,等价,D029,C020→C075
A019,联络A_ℓ,Virasoro生成元{L_n},等价,D029,C022→C076
A020,曲率F,"对易子[L_m,L_n]",等价,D029,C023→C076
A021,和乐W(γ),OPE monodromy e^{2πih},等价,D029,C024→C075
A022,Dirac条件,共形自举方程/OPE结合律,等价,D012,C079→C075
A023,母群G,本征群R→群算符Ĥ,重组实现,D010,C042→C049
A024,GL(n),Weyl群S_n,层级含于,D010,C013→C059
A025,因果网络同步理论,物质自组织,映射,D007,C009→C007
A026,因果集,CNST,依赖,D005,C004→C009
A027,退相干,重组实现,映射,D015,C008→C015
A028,7个基本量纲,量纲转换常数族,映射,D009,C032→C039
A029,耦谱定理,耦级,依赖,D019,C050→C046
A030,GRH,RH,依赖,D028,C052→C051
A031,朗兰兹函子性,自守形式,依赖,D020,C080→C040
A032,超导同步算符,同步算符,层级含于,D030,C069→C012
A033,赝能隙,临界温度,依赖,D031,C072→C070
A034,海森堡代数,耦合动量,依赖,D008,C062→C061
A035,结构群叠加态,候选群族,依赖,D030,C065→C066
A036,主导群,候选群族,依赖,D030,C068→C066
A037,伴丛,主丛,依赖,D028,C021→C020
A038,Regge剖分,角亏,映射,D006,C025→C026
A039,对数比参数,固有时流速,映射,D015,C031→C027
A040,引力因果限制场,FG,层级含于,D015,C019→C018
A041,内禀时间,规范重组超导,映射,D023,C016→C023
A042,禁闭内部,禁闭边界,映射,D013,C006→C005
A043,质数前网络,黎曼zeta函数,映射,D008,C010→C043
A044,自我限制算符,同步算符,依赖,D007,C011→C012
A045,自守因子,自守形式,层级含于,D009,C041→C040
A046,中央荷,Virasoro代数,依赖,D012,C077→C076
A047,共形维度,共形自举,依赖,D012,C078→C075
A048,长度量纲,时间量纲,映射,D009,C033→C032
A049,质量量纲,时间量纲,映射,D009,C034→C032
A050,电荷量纲,时间量纲,映射,D009,C035→C032
A051,温度量纲,时间量纲,映射,D009,C036→C032
A052,物质的量量纲,时间量纲,映射,D009,C037→C032
A053,发光强度量纲,时间量纲,映射,D009,C038→C032