kind,key,side_a,side_b,source_doc,remark
论证等价,A010,函数方程ξ(s)=ξ(1−s),同步算符厄米性S=S†,D008,论证表
论证等价,A011,耦级𝔠_n为实,L函数零点位于临界线,D008,论证表
论证等价,A012,RH,GL(5)固定层级实谱条件,D008,论证表
论证等价,A014,☯=ξ'(1)/ξ(1),λ_1=-B（三重恒等）,D008,论证表
论证等价,A018,纤维丛截面ψ,CFT primary operator φ,D029,论证表
论证等价,A019,联络A_ℓ,Virasoro生成元{L_n},D029,论证表
论证等价,A020,曲率F,"对易子[L_m,L_n]",D029,论证表
论证等价,A021,和乐W(γ),OPE monodromy e^{2πih},D029,论证表
论证等价,A022,Dirac条件,共形自举方程/OPE结合律,D012,论证表
跨文档命名,四层 FG 命名,"统一方法论:5,7（元素/分子/晶胞/超导）",FG层级同步算符体系 §2（电子/元素/分子/晶胞）,D033;D032,术语一致清单 §七
跨文档定义,主丛四元组,"统一方法论:13（M_ℓ,P_ℓ,π_ℓ,G_ℓ）","FG层级同步算符体系 §3.1（M_ℓ,P(M_ℓ,G_ℓ),A_ℓ,Ŝ_ℓ）",D033;D032,术语一致清单 §七
跨文档符号,温度依赖符号,"超导核心理论:483,497（Ω₀）",超导核心理论:693（θ_D）,D030,术语一致清单 §七
跨文档口径,FG 与朗兰兹关系,FG 纤维丛:383（称完整朗兰兹 GL(n)+GRH）,项目约定：与朗兰兹纲领相关，非完整纲领,D029,术语一致清单 §七
跨文档语义,κ 语义,专题与扩展:541（κ=(31+☯)/30）,专题与扩展:539(κ_N)、185(条件数 κ_A),D031,术语一致清单 §七
缺口表述,缺口 C,README/超导§13（退相干稳态恰为 A₄）,"因果网络同步理论:243（退相干稳态是 {5,4} 镶嵌）",D007,缺口依赖闭包 §七
