concept_id,name,type,lean_library,lean_symbol,physics_role,source_doc
C001,前时空,本体论,,,结构概念,D006
C002,物质先在,本体论,CausalSet,CausalSet/Axioms,结构概念,D005
C003,再生产,本体论,CausalSet,CausalSet/Axioms,结构概念,D005
C004,因果集,数学结构,CausalSet,CausalSet/Axioms,结构概念,D005
C005,禁闭边界,本体论,Decoherence,Basic;DeepCoupling,结构概念,D005
C006,禁闭内部,本体论,Decoherence,Basic;DeepCoupling,结构概念,D013
C007,物质自组织,本体论,Methodology,Basic,结构概念,D007
C008,退相干,本体论,Decoherence,Basic;DeepCoupling,结构概念,D015
C009,因果网络同步理论,理论框架,,,结构概念,D007
C010,质数前网络,数学结构,PrimeGeometry,Basic,结构概念,D008
C011,自我限制算符,数学结构,,,结构概念,D007
C012,同步算符,数学结构,FGChain,SyncOperator,结构概念,D008
C013,GL5固定层级,群论,,,群结构,D008
C014,SU5基态,群论,,,群结构,D008
C015,重组实现,关系类型,,,结构概念,D005
C016,内禀时间,本体论,,,结构概念,D023
C017,GR,引力层级,,,结构概念,D006
C018,FG,引力层级,,,结构概念,D006
C019,引力因果限制场,引力层级,Decoherence,Basic;DeepCoupling,结构概念,D015
C020,主丛,纤维丛,FGChain,FiberBundle,丛结构,D028
C021,伴丛,纤维丛,FGChain,FiberBundle,丛结构,D028
C022,联络,纤维丛,FGChain,FiberBundle,丛结构,D028
C023,曲率,纤维丛,FGChain,FiberBundle,丛结构,D028
C024,和乐,纤维丛,FGChain,FiberBundle,丛结构,D028
C025,Regge剖分,几何,,,几何量,D006
C026,角亏,几何,Superconductivity,MolecularGeometry,几何量,D006
C027,固有时流速,几何,,,几何量,D015
C028,Regge铰链,几何,Superconductivity,MolecularGeometry,几何量,D006
C029,中子缺陷矩阵,几何,Superconductivity,MolecularGeometry,几何量,D006
C030,元素嘉当矩阵,群论,Superconductivity,ElementCartan,群结构,D006
C031,对数比参数,几何,,,几何量,D015
C032,时间量纲,量纲,,,量纲/单位,D009
C033,长度量纲,量纲,,,量纲/单位,D009
C034,质量量纲,量纲,,,量纲/单位,D009
C035,电荷量纲,量纲,,,量纲/单位,D009
C036,温度量纲,量纲,,,量纲/单位,D009
C037,物质的量量纲,量纲,,,量纲/单位,D009
C038,发光强度量纲,量纲,,,量纲/单位,D009
C039,量纲转换常数族,量纲,,,量纲/单位,D009
C040,自守形式,数论,,,数论谱量,D024
C041,自守因子,数论,,,数论谱量,D009
C042,极大关系群,群论,,,群结构,D009
C043,黎曼zeta函数,数论,SpectralGeometry,spectralQuantum,数论谱量,D008
C044,黎曼xi函数,数论,SpectralGeometry,spectralQuantum,数论谱量,D008
C045,黎曼零点,数论,SpectralGeometry,spectralQuantum,数论谱量,D008
C046,耦级,数论,SpectralGeometry,spectralQuantum,数论谱量,D008
C047,第一耦级,数论,SpectralGeometry,spectralQuantum,数论谱量,D008
C048,相变量子,数论,SpectralGeometry,spectralQuantum,数论谱量,D008
C049,谱算符,数论,SpectralGeometry,spectralQuantum,数论谱量,D008
C050,耦谱定理,数论,,,数论谱量,D019
C051,RH,数论,,,数论谱量,D017
C052,GRH,数论,,,数论谱量,D028
C053,4-单纯形,几何,CartanAlgebra,cartanA4,几何量,D005
C054,A4嘉当矩阵,群论,CartanAlgebra,cartanA4,群结构,D005
C055,边面关联矩阵,几何,CartanAlgebra,cartanA4,几何量,D005
C056,Dynkin指数比,群论,CartanAlgebra,cartanA4,群结构,D014
C057,Mathieu临界,数论,SpectralGeometry,MathieuContinuedFraction,数论谱量,D019
C058,谱修正,数论,GN,AdeleJacobian,数论谱量,D031
C059,Weyl群,群论,,,群结构,D005
C060,耦合坐标,物理,CouplingSpace,Basis,物理量/可观测量,D008
C061,耦合动量,物理,CouplingSpace,Basis,物理量/可观测量,D008
C062,海森堡代数,物理,CouplingSpace,Basis,物理量/可观测量,D008
C063,跃迁耦级谱,物理,FGChain,Observable,物理量/可观测量,D030
C064,资格条件,物理,,,物理量/可观测量,D030
C065,结构群叠加态,物理,,,物理量/可观测量,D030
C066,候选群族,群论,,,群结构,D023
C067,丛作用量,物理,Superconductivity,TransitionTemperatureCQM,物理量/可观测量,D030
C068,主导群,群论,,,群结构,D030
C069,超导同步算符,物理,Superconductivity,TransitionTemperatureCQM,物理量/可观测量,D030
C070,临界温度,物理,Superconductivity,TransitionTemperatureCQM,物理量/可观测量,D030
C071,声子,物理,,,物理量/可观测量,D011
C072,赝能隙,物理,,,物理量/可观测量,D031
C073,FG层级四元组,纤维丛,FGChain,Hierarchy,丛结构,D032
C074,共形固定点,共形场论,,,结构概念,D012
C075,共形自举,共形场论,,,结构概念,D012
C076,Virasoro代数,共形场论,,,结构概念,D012
C077,中央荷,共形场论,,,结构概念,D012
C078,共形维度,共形场论,,,结构概念,D012
C079,Dirac条件,共形场论,,,结构概念,D012
C080,朗兰兹函子性,数论,,,数论谱量,D020
C081,G_N,物理,PhysicalConstants,gn_spectral_formula,物理量/可观测量,D014
C082,Wyler常数,数论,,,数论谱量,D021
