symbol,name,latex,kind,value_or_note,source
☯,相变量子,\ensuremath{☯}=ξ'(1)/ξ(1),数论不变量,0.02309570897,D008 §3；D005 §7.1
A₄,4-单纯形嘉当矩阵,A_4=\mathrm{Cartan}(\mathrm{SU}(5)),群论对象,"det=5, tr=8",D005 §7.1
M,边-面关联矩阵,M=E^{\mathsf T}E,组合矩阵,eig{9¹4⁴1⁵},D005 §7.1
G_N,牛顿引力常数,G_N,物理常数,构造后验数字校验，待独立复现,D014 §5
κ,谱修正,\kappa=(31+☯)/30,谱修正因子,1.03410,D031 §11
λ_c,Mathieu 临界,\lambda_c,谱临界值,1.316022911308,D019 §5
𝔠_n,耦级（配对不变量）,\mathfrak c_n=1/4+\gamma_n^2,谱不变量,𝔠₁≈0.5211,D008 §3
γ_n,黎曼零点虚部,\gamma_n,数论谱,γ₁=14.134725…,D008 §3
I,Dynkin 指数比,I=T(24)/T(8)=5/3,群论不变量,1.6667,D014 §5
K_L,长度量纲转换常数,K_L,量纲转换,无量纲→L,D009 §6.3
K_M,质量量纲转换常数,K_M=G_N^{-1},量纲转换,L³T⁻²→M,D009 §6.3
K_Q,电荷量纲转换常数,K_Q,量纲转换,M^{1/2}L^{3/2}T⁻¹→Q,D009 §6.3
K_Θ,温度量纲转换常数,K_\Theta,量纲转换,能量→Θ,D009 §6.3
K_N,物质的量转换常数,K_N=N_A^{-1},量纲转换（人为定义）,无量纲计数→N,D009 §6.3
K_J,发光强度转换常数,K_J,量纲转换,→J,D009 §6.3
δ_v,Regge 顶点角亏,\delta_v,几何量,——,D006 §二.5
⇒,重组实现,\Rightarrow,关系算子（多因一果）,仅表重组实现,README；术语表
→,演化/映射/极限,\to,关系算子,一般演化、映射、极限,README
R̂,自我限制算符,\hat{\mathcal R},算符,——,D007 §9
Ŝ₀,同步/紧化算符,\hat{\mathcal S}_0,算符,——,D008 §9
Ĥ_HP,Hilbert–Pólya 谱算符,\hat H_{\mathrm{HP}}=\hat D^2+1/4,算符,——,D008 §4
