struct_id,doc_id,location,description
C048,D008,§3,相变量子☯=ξ'(1)/ξ(1)权威定义
C048,D005,§7.1,☯数值0.02309570897
C048,D019,§5,☯三重恒等（☯=λ_1=-B）
C047,D008,§3,第一耦级𝔠₁=1/4+γ₁²权威定义
C058,D031,§11,谱修正κ=(31+☯)/30权威定义
C057,D019,§5,Mathieu临界λ_c≈1.316022911308
C081,D014,§5,G_N构造公式权威定义
C081,D014,构造后验数字校验待独立复现,G_N限定语
C053,D005,§7.1,4-单纯形A₄权威定义
C055,D005,§7.1,边-面关联矩阵M=EᵀE本征值{9¹4⁴1⁵}
C026,D006,§二.5,角亏δ_v权威定义
C029,D006,§二.5,中子缺陷矩阵D(δ)权威定义
C012,D008,§9,同步算符/紧化算符权威定义
C040,D024,§1,自守形式权威定义
C017,D006,§二,GR广度前提权威定义
C018,D006,§二,FG深度前提权威定义
G001,D005,§7.1,缺口C被依赖处（一证七联）
G001,D019,公理A5;§13.3,缺口C被依赖处（退相干稳态唯一性）
G001,D026,正四单纯形稳态,缺口C被依赖处（HilbertPolya批判）
G002,D008,§4,缺口G2定义处
G003,D008,§4,缺口G3定义处
G004,D008,§4,缺口G4定义处
G005,D005,§7.1,缺口G5定义处
G013,D031,§13,缺口G13闭合处（Lean bcsTcFromIntegral_solved）
G014,D031,§13,缺口G14闭合处（detD=8-3δ²）
G021,D006,§二.5,缺口N1定义处
G022,D006,§二.5,缺口N2定义处
G023,D006,§二.5,缺口N3定义处
G024,D006,§二.5,缺口N4定义处
G028,D017,标题,黎曼猜想证明思路
DEV001,D005,99,⇒误用：公理I数学蕴含x≺y≺z⇒x≺z
DEV002,D009,84;772;1231,⇒误用：逻辑推论
DEV003,D017,20;43;104;195;658;1204,⟹/⇓误用：逻辑推导与多因生成
DEV004,D030,149;447;787;281,⇒误用：因果生成
DEV005,D009,451,G_N限定语缺失：表格列G_N≈6.674×10⁻¹¹未附限定语
DEV006,D014,146-152,面元映射禁项：按本征空间维数映射SU(3)/SU(2)/U(1)
DEV007,D031,239;245,元素同步算符两形式不一致
DEV008,D030,546;675,T_c闭式两套参数化不一致