order,step,rule_id,relation,rhs,rhs_name,depth,lhs
1,1,H001,重组实现,C007,物质自组织,1,C002;C003
2,1,H005,重组实现,C028,Regge铰链,1,C029
3,1,H007,重组实现,C030,元素嘉当矩阵,1,C054;C029
4,1,H008,重组实现,C026,角亏,1,C071
5,1,H009,重组实现,C064,资格条件,1,C063
6,1,H011,重组实现,C012,同步算符,1,C073
7,1,H017,重组实现,C082,Wyler常数,1,C054
8,1,A001,演化,C017,GR,1,C001
9,1,A004,映射,C055,边面关联矩阵,1,C053
10,1,A009,映射,C060,耦合坐标,1,C044
11,1,A013,映射,C046,耦级,1,C045
12,1,A023,重组实现,C049,谱算符,1,C042
13,1,A026,依赖,C009,因果网络同步理论,1,C004
14,1,A027,映射,C015,重组实现,1,C008
15,1,A029,依赖,C046,耦级,1,C050
16,1,A030,依赖,C051,RH,1,C052
17,1,A031,依赖,C040,自守形式,1,C080
18,1,A032,层级含于,C012,同步算符,1,C069
19,1,A033,依赖,C070,临界温度,1,C072
20,1,A034,依赖,C061,耦合动量,1,C062
21,1,A035,依赖,C066,候选群族,1,C065
22,1,A036,依赖,C066,候选群族,1,C068
23,1,A037,依赖,C020,主丛,1,C021
24,1,A038,映射,C026,角亏,1,C025
25,1,A039,映射,C027,固有时流速,1,C031
26,1,A040,层级含于,C018,FG,1,C019
27,1,A041,映射,C023,曲率,1,C016
28,1,A042,映射,C005,禁闭边界,1,C006
29,1,A043,映射,C043,黎曼zeta函数,1,C010
30,1,A044,依赖,C012,同步算符,1,C011
31,1,A045,层级含于,C040,自守形式,1,C041
32,1,A046,依赖,C076,Virasoro代数,1,C077
33,1,A047,依赖,C075,共形自举,1,C078
34,1,A048,映射,C032,时间量纲,1,C033
35,1,A049,映射,C032,时间量纲,1,C034
36,1,A050,映射,C032,时间量纲,1,C035
37,1,A051,映射,C032,时间量纲,1,C036
38,1,A052,映射,C032,时间量纲,1,C037
39,1,A053,映射,C032,时间量纲,1,C038
40,2,H002,重组实现,C014,SU5基态,2,C007;C012
41,2,H010,重组实现,C067,丛作用量,2,C070
42,2,H014,重组实现,C048,相变量子,2,C040
43,2,A006,映射,C022,联络,2,C026
44,2,A008,映射,C058,谱修正,2,C043
45,2,A017,重组实现,C014,SU5基态,2,C012
46,2,A028,映射,C039,量纲转换常数族,2,C032
47,3,H012,重组实现,C013,GL5固定层级,3,C014
48,3,H016,重组实现,C081,G_N,3,C056;C057;C048;C047;C058
49,4,A024,层级含于,C059,Weyl群,4,C013
