step,rule_id,relation,premises,conclusion,conclusion_id,depth,source_doc
1,H001,重组实现,C002;C003,物质自组织,C007,1,D005;D007
1,H005,重组实现,C029,Regge铰链/非零角亏,C028,1,D006
1,H007,重组实现,C054;C029,元素嘉当矩阵C_element,C030,1,D006;D030
1,H008,重组实现,C071,声子/角亏涨落,C026,1,D011;D030
1,H009,重组实现,C063,资格条件,C064,1,D030
1,H011,重组实现,C073,紧化算符层级化实现,C012,1,D032
1,H017,重组实现,C054,Wyler常数α_W,C082,1,D021
1,A001,演化,C001,GR,C017,1,D006
1,A004,映射,C053,"M=EᵀE本征值{9,4,1}",C055,1,D005
1,A009,映射,C044,同步格林函数ψ(e^u),C060,1,D008
1,A013,映射,C045,耦级𝔠_n=1/4+γ_n²,C046,1,D008
1,A023,重组实现,C042,本征群R→群算符Ĥ,C049,1,D010
1,A026,依赖,C004,CNST,C009,1,D005
1,A027,映射,C008,重组实现,C015,1,D015
1,A029,依赖,C050,耦级,C046,1,D019
1,A030,依赖,C052,RH,C051,1,D028
1,A031,依赖,C080,自守形式,C040,1,D020
1,A032,层级含于,C069,同步算符,C012,1,D030
1,A033,依赖,C072,临界温度,C070,1,D031
1,A034,依赖,C062,耦合动量,C061,1,D008
1,A035,依赖,C065,候选群族,C066,1,D030
1,A036,依赖,C068,候选群族,C066,1,D030
1,A037,依赖,C021,主丛,C020,1,D028
1,A038,映射,C025,角亏,C026,1,D006
1,A039,映射,C031,固有时流速,C027,1,D015
1,A040,层级含于,C019,FG,C018,1,D015
1,A041,映射,C016,规范重组超导,C023,1,D023
1,A042,映射,C006,禁闭边界,C005,1,D013
1,A043,映射,C010,黎曼zeta函数,C043,1,D008
1,A044,依赖,C011,同步算符,C012,1,D007
1,A045,层级含于,C041,自守形式,C040,1,D009
1,A046,依赖,C077,Virasoro代数,C076,1,D012
1,A047,依赖,C078,共形自举,C075,1,D012
1,A048,映射,C033,时间量纲,C032,1,D009
1,A049,映射,C034,时间量纲,C032,1,D009
1,A050,映射,C035,时间量纲,C032,1,D009
1,A051,映射,C036,时间量纲,C032,1,D009
1,A052,映射,C037,时间量纲,C032,1,D009
1,A053,映射,C038,时间量纲,C032,1,D009
2,H002,重组实现,C007;C012,SU(5)基态,C014,2,D007;D008
2,H010,重组实现,C070,丛作用量交叉F_1=F_2,C067,2,D030
2,H014,重组实现,C040,c,C048,2,D009
2,A006,映射,C026,联络A_FG→伴丛曲率F,C022,2,D028
2,A008,映射,C043,局部耦合核κ_p,C058,2,D008
2,A017,重组实现,C012,群本征态,C014,2,D008
2,A028,映射,C032,量纲转换常数族,C039,2,D009
3,H012,重组实现,C014,各因子层GL(n)谱/残留,C013,3,D029
3,H016,重组实现,C056;C057;C048;C047;C058,G_N,C081,3,D019;D014
4,A024,层级含于,C013,Weyl群S_n,C059,4,D010
