from,to
Audit,CouplingSpace
Audit,Superconductivity
CartanAlgebra,CartanAlgebra.Basic
CartanAlgebra.Basic,Mathlib.Data.Matrix.Basic
CartanAlgebra.Basic,Mathlib.Data.Real.Basic
CartanAlgebra.Basic,Mathlib.Data.Real.Sqrt
CartanAlgebra.Basic,Mathlib.Tactic.FinCases
CartanAlgebra.Basic,CausalSet.Axioms
CausalSet,CausalSet.Axioms
CausalSet,CausalSet.Basic
CausalSet,CausalSet.Reproduction
CausalSet,CausalSet.Sprinkling
CausalSet.Axioms,CausalSet.Basic
CausalSet.Axioms,CausalSet.Reproduction
CausalSet.Basic,Mathlib.Data.Set.Basic
CausalSet.Basic,Mathlib.Data.Set.Finite.Basic
CausalSet.Basic,Mathlib.Data.Set.Countable
CausalSet.Reproduction,Mathlib.Data.Real.Basic
CausalSet.Reproduction,Mathlib.Algebra.Module.LinearMap.Basic
CausalSet.Sprinkling,Mathlib.Data.Real.Basic
CausalSet.Sprinkling,Mathlib.Analysis.SpecialFunctions.Exp
CausalSet.Sprinkling,Mathlib.Order.Interval.Set.Defs
CausalSet.Sprinkling,CausalSet.Axioms
CouplingSpace,CouplingSpace.Basic
CouplingSpace,CouplingSpace.Uncertainty
CouplingSpace.Basic,Mathlib.Data.Real.Basic
CouplingSpace.Basic,Mathlib.Analysis.SpecialFunctions.Exp
CouplingSpace.Basic,Mathlib.Analysis.SpecialFunctions.Log.Basic
CouplingSpace.Basic,CausalSet.Axioms
CouplingSpace.Basic,CausalSet.Sprinkling
CouplingSpace.Uncertainty,Mathlib.Analysis.InnerProductSpace.Basic
CouplingSpace.Uncertainty,Mathlib.Data.Complex.Basic
CouplingSpace.Uncertainty,Mathlib.Tactic
Decoherence,Decoherence.Basic
Decoherence,Decoherence.DeepCoupling
Decoherence.Basic,Mathlib.Data.Real.Basic
Decoherence.Basic,Mathlib.Analysis.SpecialFunctions.Exp
Decoherence.Basic,Mathlib.Analysis.SpecialFunctions.Log.Basic
Decoherence.Basic,CausalSet.Axioms
Decoherence.Basic,CausalSet.Sprinkling
Decoherence.Basic,CouplingSpace.Basic
Decoherence.DeepCoupling,Mathlib.Data.Real.Basic
Decoherence.DeepCoupling,Mathlib.Data.Nat.Basic
Decoherence.DeepCoupling,Mathlib.Tactic
Decoherence.DeepCoupling,CausalSet.Axioms
Decoherence.DeepCoupling,Decoherence.Basic
FGChain,FGChain.Basic
FGChain,FGChain.QuantumOscillation
FGChain,FGChain.CurvatureOperator
FGChain,FGChain.ReggeBase
FGChain,FGChain.FiberBundle
FGChain,FGChain.Synchronization
FGChain,FGChain.Observable
FGChain,FGChain.CartanToShell
FGChain,FGChain.CurvatureDerivation
FGChain,FGChain.SyncOperator
FGChain,FGChain.BundleEOM
FGChain,FGChain.Hierarchy
FGChain.Basic,Mathlib.Data.Real.Basic
FGChain.Basic,Mathlib.Tactic
FGChain.Basic,CartanAlgebra.Basic
FGChain.Basic,Superconductivity.MolecularGeometry
FGChain.BundleEOM,Mathlib.Data.Real.Basic
FGChain.BundleEOM,Mathlib.Tactic
FGChain.BundleEOM,FGChain.FiberBundle
FGChain.BundleEOM,FGChain.ReggeBase
FGChain.BundleEOM,FGChain.CartanToShell
FGChain.CartanToShell,Mathlib.Data.Real.Basic
FGChain.CartanToShell,Mathlib.Tactic
FGChain.CartanToShell,CartanAlgebra.Basic
FGChain.CartanToShell,FGChain.Basic
FGChain.CurvatureDerivation,Mathlib.Data.Real.Basic
FGChain.CurvatureDerivation,Mathlib.Tactic
FGChain.CurvatureDerivation,FGChain.Basic
FGChain.CurvatureDerivation,FGChain.QuantumOscillation
FGChain.CurvatureDerivation,FGChain.CurvatureOperator
FGChain.CurvatureDerivation,FGChain.ReggeBase
FGChain.CurvatureDerivation,Superconductivity.MolecularGeometry
FGChain.CurvatureOperator,Mathlib.Data.Real.Basic
FGChain.CurvatureOperator,Mathlib.Tactic
FGChain.CurvatureOperator,FGChain.QuantumOscillation
FGChain.CurvatureOperator,CouplingSpace.Uncertainty
FGChain.CurvatureOperator,Superconductivity.CouplingSpace
FGChain.FiberBundle,Mathlib.Data.Real.Basic
FGChain.FiberBundle,Mathlib.Data.Set.Basic
FGChain.FiberBundle,Mathlib.Tactic
FGChain.FiberBundle,FGChain.ReggeBase
FGChain.Hierarchy,Mathlib.Data.Real.Basic
FGChain.Hierarchy,Mathlib.Tactic
FGChain.Hierarchy,FGChain.FiberBundle
FGChain.Hierarchy,FGChain.SyncOperator
FGChain.Hierarchy,FGChain.BundleEOM
FGChain.Observable,Mathlib.Data.Real.Basic
FGChain.Observable,Mathlib.Tactic
FGChain.Observable,FGChain.Synchronization
FGChain.Observable,FGChain.CartanToShell
FGChain.QuantumOscillation,Mathlib.Data.Real.Basic
FGChain.QuantumOscillation,Mathlib.Tactic
FGChain.QuantumOscillation,FGChain.Basic
FGChain.ReggeBase,Mathlib.Data.Real.Basic
FGChain.ReggeBase,Mathlib.Tactic
FGChain.ReggeBase,FGChain.CurvatureOperator
FGChain.ReggeBase,FGChain.Basic
FGChain.SyncOperator,Mathlib.Data.Real.Basic
FGChain.SyncOperator,Mathlib.Tactic
FGChain.SyncOperator,FGChain.Basic
FGChain.SyncOperator,FGChain.CurvatureDerivation
FGChain.SyncOperator,FGChain.CartanToShell
FGChain.SyncOperator,FGChain.Synchronization
FGChain.SyncOperator,SpectralGeometry.Basic
FGChain.Synchronization,Mathlib.Data.Real.Basic
FGChain.Synchronization,Mathlib.Topology.Instances.Real.Lemmas
FGChain.Synchronization,Mathlib.Topology.Order.IntermediateValue
FGChain.Synchronization,Mathlib.Tactic
FGChain.Synchronization,FGChain.FiberBundle
GN,GN.Basic
GN,GN.TripleIdentity
GN,GN.SierraCQM
GN,GN.SimplexSpectrum
GN,GN.AdeleJacobian
GN,GN.Constructions
GN.AdeleJacobian,GN.Basic
GN.Basic,SpectralGeometry.Basic
GN.Basic,Mathlib.Analysis.SpecialFunctions.Log.Basic
GN.Basic,Mathlib.Analysis.SpecialFunctions.Pow.Real
GN.Constructions,GN.Basic
GN.Constructions,GN.SimplexSpectrum
GN.Constructions,GN.AdeleJacobian
GN.Constructions,SpectralGeometry.Basic
GN.Constructions,PhysicalConstants.Basic
GN.SierraCQM,GN.Basic
GN.SimplexSpectrum,GN.Basic
GN.SimplexSpectrum,CartanAlgebra.Basic
GN.SimplexSpectrum,Mathlib.LinearAlgebra.Matrix.Notation
GN.SimplexSpectrum,Mathlib.LinearAlgebra.Matrix.Charpoly.Basic
GN.SimplexSpectrum,Mathlib.Data.Nat.Choose.Basic
GN.SimplexSpectrum,Mathlib.LinearAlgebra.Matrix.NonsingularInverse
GN.SimplexSpectrum,Mathlib.LinearAlgebra.Matrix.ToLinearEquiv
GN.SimplexSpectrum,Mathlib.LinearAlgebra.Eigenspace.Basic
GN.SimplexSpectrum,Mathlib.LinearAlgebra.LinearIndependent.Basic
GN.TripleIdentity,GN.Basic
Methodology,Methodology.Basic
Methodology.Basic,Mathlib.Data.Real.Basic
Methodology.Basic,Mathlib.Data.Nat.Basic
Methodology.Basic,Mathlib.Data.Set.Finite.Basic
Methodology.Basic,Mathlib.Tactic
PhysicalConstants,PhysicalConstants.Basic
PhysicalConstants.Basic,Mathlib.Data.Real.Basic
PhysicalConstants.Basic,Mathlib.Analysis.SpecialFunctions.Exp
PhysicalConstants.Basic,Mathlib.Analysis.Real.Pi.Bounds
PhysicalConstants.Basic,Mathlib.Tactic
PhysicalConstants.Basic,CartanAlgebra.Basic
PhysicalConstants.Basic,SpectralGeometry.Basic
PhysicalConstants.Basic,Decoherence.Basic
PrimeGeometry,PrimeGeometry.Basic
PrimeGeometry,PrimeGeometry.WindingDensity
PrimeGeometry,PrimeGeometry.Compton
PrimeGeometry,PrimeGeometry.Generation
PrimeGeometry,PrimeGeometry.Spin
PrimeGeometry,PrimeGeometry.Particle
PrimeGeometry.Basic,Mathlib.Data.Real.Basic
PrimeGeometry.Basic,Mathlib.Data.Nat.Basic
PrimeGeometry.Basic,Mathlib.Data.Int.Basic
PrimeGeometry.Basic,Mathlib.Tactic
PrimeGeometry.Basic,SpectralGeometry.Basic
PrimeGeometry.Compton,Mathlib.Data.Real.Basic
PrimeGeometry.Compton,Mathlib.Data.Nat.Basic
PrimeGeometry.Compton,Mathlib.Tactic
PrimeGeometry.Compton,SpectralGeometry.Basic
PrimeGeometry.Compton,PrimeGeometry.Basic
PrimeGeometry.Compton,PrimeGeometry.WindingDensity
PrimeGeometry.Generation,Mathlib.Data.Real.Basic
PrimeGeometry.Generation,Mathlib.Data.Nat.Basic
PrimeGeometry.Generation,Mathlib.Tactic
PrimeGeometry.Generation,CartanAlgebra.Basic
PrimeGeometry.Generation,SpectralGeometry.Basic
PrimeGeometry.Generation,PrimeGeometry.Basic
PrimeGeometry.Generation,PrimeGeometry.WindingDensity
PrimeGeometry.Generation,PrimeGeometry.Compton
PrimeGeometry.Particle,Mathlib.Data.Real.Basic
PrimeGeometry.Particle,Mathlib.Data.Nat.Basic
PrimeGeometry.Particle,Mathlib.Tactic
PrimeGeometry.Particle,PrimeGeometry.Basic
PrimeGeometry.Particle,PrimeGeometry.WindingDensity
PrimeGeometry.Particle,PrimeGeometry.Compton
PrimeGeometry.Particle,PrimeGeometry.Spin
PrimeGeometry.Spin,Mathlib.Data.Real.Basic
PrimeGeometry.Spin,Mathlib.Tactic
PrimeGeometry.Spin,PrimeGeometry.Basic
PrimeGeometry.WindingDensity,Mathlib.Data.Real.Basic
PrimeGeometry.WindingDensity,Mathlib.Data.Nat.Basic
PrimeGeometry.WindingDensity,Mathlib.Tactic
PrimeGeometry.WindingDensity,SpectralGeometry.Basic
PrimeGeometry.WindingDensity,PrimeGeometry.Basic
SpectralGeometry,SpectralGeometry.Basic
SpectralGeometry,SpectralGeometry.GLnTrivialSpectralQuantum
SpectralGeometry.Basic,Mathlib.Data.Real.Basic
SpectralGeometry.Basic,Mathlib.Analysis.SpecialFunctions.Exp
SpectralGeometry.Basic,Mathlib.Analysis.SpecialFunctions.Log.Basic
SpectralGeometry.Basic,Mathlib.NumberTheory.Harmonic.EulerMascheroni
SpectralGeometry.Basic,Mathlib.Analysis.Real.Pi.Bounds
SpectralGeometry.Basic,Mathlib.Topology.Basic
SpectralGeometry.Basic,Mathlib.Order.Filter.AtTopBot.Basic
SpectralGeometry.Basic,Mathlib.Topology.Order.IntermediateValue
SpectralGeometry.Basic,CartanAlgebra.Basic
SpectralGeometry.Basic,CouplingSpace.Basic
SpectralGeometry.Basic,SpectralGeometry.MathieuContinuedFraction
SpectralGeometry.GLnTrivialSpectralQuantum,Mathlib.Data.Real.Basic
SpectralGeometry.GLnTrivialSpectralQuantum,Mathlib.Analysis.SpecialFunctions.ExpDeriv
SpectralGeometry.GLnTrivialSpectralQuantum,SpectralGeometry.Basic
SpectralGeometry.GLnTrivialSpectralQuantum,SpectralGeometry.RiemannXi
SpectralGeometry.Mathieu,Mathlib.Data.Real.Basic
SpectralGeometry.Mathieu,Mathlib.Data.Real.Sqrt
SpectralGeometry.Mathieu,Mathlib.Tactic
SpectralGeometry.Mathieu,CartanAlgebra.Basic
SpectralGeometry.Mathieu,SpectralGeometry.Basic
SpectralGeometry.MathieuContinuedFraction,Mathlib.Data.Real.Basic
SpectralGeometry.MathieuContinuedFraction,Mathlib.Tactic
SpectralGeometry.MathieuContinuedFraction,Mathlib.Topology.Basic
SpectralGeometry.MathieuContinuedFraction,Mathlib.Order.Filter.Basic
SpectralGeometry.MathieuContinuedFraction,Mathlib.Order.Filter.AtTopBot.Basic
SpectralGeometry.MathieuContinuedFraction,Mathlib.Topology.Order.IntermediateValue
SpectralGeometry.MathieuContinuedFraction,Mathlib.Order.Interval.Set.Basic
SpectralGeometry.MathieuContinuedFraction,Mathlib.Analysis.SpecificLimits.Basic
SpectralGeometry.MathieuContinuedFraction,Mathlib.Order.Monotone.Basic
SpectralGeometry.MathieuContinuedFraction,Mathlib.Topology.Order.MonotoneConvergence
SpectralGeometry.MathieuContinuedFraction,Mathlib.Topology.Algebra.GroupWithZero
SpectralGeometry.RiemannXi,Mathlib.Data.Real.Basic
SpectralGeometry.RiemannXi,Mathlib.Data.Complex.Basic
SpectralGeometry.RiemannXi,Mathlib.Analysis.SpecialFunctions.Gamma.Basic
SpectralGeometry.RiemannXi,Mathlib.Analysis.SpecialFunctions.Gamma.Digamma
SpectralGeometry.RiemannXi,Mathlib.Analysis.SpecialFunctions.Log.Basic
SpectralGeometry.RiemannXi,Mathlib.NumberTheory.Harmonic.EulerMascheroni
SpectralGeometry.RiemannXi,Mathlib.NumberTheory.Harmonic.ZetaAsymp
SpectralGeometry.RiemannXi,Mathlib.NumberTheory.LSeries.RiemannZeta
SpectralGeometry.RiemannXi,SpectralGeometry.Basic
Superconductivity,Superconductivity.Ontology
Superconductivity,Superconductivity.TransitionTemperature
Superconductivity,Superconductivity.TransitionTemperatureCQM
Superconductivity,Superconductivity.Reduction
Superconductivity,Superconductivity.CartanSuperconductivity
Superconductivity,Superconductivity.FirstPrinciples
Superconductivity,Superconductivity.SPAF
Superconductivity,Superconductivity.MolecularGeometry
Superconductivity,Superconductivity.FormalizationRigor
Superconductivity,Superconductivity.DeepConstruction
Superconductivity,Superconductivity.DeepResearch
Superconductivity.BCSIntegralAsymptotic,Mathlib.Data.Real.Basic
Superconductivity.BCSIntegralAsymptotic,Mathlib.Analysis.SpecialFunctions.Exp
Superconductivity.BCSIntegralAsymptotic,Mathlib.Analysis.SpecialFunctions.Log.Basic
Superconductivity.BCSIntegralAsymptotic,Mathlib.Analysis.Real.Pi.Bounds
Superconductivity.BCSIntegralAsymptotic,Mathlib.Analysis.Complex.ExponentialBounds
Superconductivity.BCSIntegralAsymptotic,Mathlib.NumberTheory.Harmonic.EulerMascheroni
Superconductivity.BCSIntegralAsymptotic,Mathlib.Tactic
Superconductivity.BCSIntegralAsymptotic,Superconductivity.Reduction
Superconductivity.BCSIntegralAsymptotic,Superconductivity.CartanSuperconductivity
Superconductivity.BridgeTheorems,Mathlib.Data.Real.Basic
Superconductivity.BridgeTheorems,Mathlib.Data.Matrix.Basic
Superconductivity.BridgeTheorems,Mathlib.Data.Matrix.Block
Superconductivity.BridgeTheorems,Mathlib.LinearAlgebra.Matrix.PosDef
Superconductivity.BridgeTheorems,Mathlib.Tactic
Superconductivity.BridgeTheorems,Superconductivity.CartanSuperconductivity
Superconductivity.BridgeTheorems,Superconductivity.Reduction
Superconductivity.BridgeTheorems,Superconductivity.SPAF
Superconductivity.BridgeTheorems,Superconductivity.MolecularGeometry
Superconductivity.BridgeTheorems,Superconductivity.BCSIntegralAsymptotic
Superconductivity.BridgeTheorems,Superconductivity.FirstPrinciples
Superconductivity.CartanSuperconductivity,Mathlib.Data.Real.Basic
Superconductivity.CartanSuperconductivity,Mathlib.Data.Matrix.Basic
Superconductivity.CartanSuperconductivity,Mathlib.Data.Matrix.Block
Superconductivity.CartanSuperconductivity,Mathlib.LinearAlgebra.Matrix.Determinant.Basic
Superconductivity.CartanSuperconductivity,Mathlib.LinearAlgebra.Matrix.Trace
Superconductivity.CartanSuperconductivity,Mathlib.Tactic
Superconductivity.CartanSuperconductivity,CartanAlgebra.Basic
Superconductivity.CartanSuperconductivity,Superconductivity.Reduction
Superconductivity.CouplingSpace,Mathlib.Data.Real.Basic
Superconductivity.CouplingSpace,Mathlib.Analysis.SpecialFunctions.Log.Basic
Superconductivity.CouplingSpace,Mathlib.NumberTheory.LSeries.RiemannZeta
Superconductivity.CouplingSpace,Mathlib.Tactic
Superconductivity.CouplingSpace,Superconductivity.MolecularGeometry
Superconductivity.DeepConstruction,Mathlib.Data.Real.Basic
Superconductivity.DeepConstruction,Mathlib.Analysis.SpecialFunctions.Log.Basic
Superconductivity.DeepConstruction,Mathlib.Analysis.SpecialFunctions.Trigonometric.Basic
Superconductivity.DeepConstruction,Mathlib.Tactic
Superconductivity.DeepConstruction,Superconductivity.FormalizationRigor
Superconductivity.DeepResearch,Mathlib.Data.Real.Basic
Superconductivity.DeepResearch,Mathlib.Analysis.SpecialFunctions.Log.Basic
Superconductivity.DeepResearch,Mathlib.Analysis.SpecialFunctions.Trigonometric.Basic
Superconductivity.DeepResearch,Mathlib.Tactic
Superconductivity.DeepResearch,Superconductivity.FormalizationRigor
Superconductivity.DeepResearch,Superconductivity.DeepConstruction
Superconductivity.DeepResearch,Superconductivity.TransitionTemperatureCQM
Superconductivity.ElementCartan,Mathlib.Data.Real.Basic
Superconductivity.ElementCartan,Mathlib.Data.Matrix.Basic
Superconductivity.ElementCartan,Mathlib.Data.Matrix.Block
Superconductivity.ElementCartan,Mathlib.LinearAlgebra.Matrix.PosDef
Superconductivity.ElementCartan,Mathlib.Algebra.BigOperators.Fin
Superconductivity.ElementCartan,Mathlib.Tactic
Superconductivity.ElementCartan,Superconductivity.CartanSuperconductivity
Superconductivity.ElementCartan,Superconductivity.SPAF
Superconductivity.ElementCartan,Superconductivity.BridgeTheorems
Superconductivity.FirstPrinciples,Mathlib.Data.Real.Basic
Superconductivity.FirstPrinciples,Mathlib.Data.Real.Sqrt
Superconductivity.FirstPrinciples,Mathlib.MeasureTheory.Integral.IntervalIntegral.Basic
Superconductivity.FirstPrinciples,Mathlib.Analysis.SpecialFunctions.Arsinh
Superconductivity.FirstPrinciples,Mathlib.Order.Filter.AtTopBot.Field
Superconductivity.FirstPrinciples,Mathlib.Topology.Algebra.Order.Field
Superconductivity.FirstPrinciples,Mathlib.Topology.Defs.Filter
Superconductivity.FirstPrinciples,Mathlib.Tactic
Superconductivity.FirstPrinciples,CartanAlgebra.Basic
Superconductivity.FirstPrinciples,Superconductivity.Reduction
Superconductivity.FirstPrinciples,Superconductivity.CartanSuperconductivity
Superconductivity.FirstPrinciples,Superconductivity.SPAF
Superconductivity.FormalizationRigor,Mathlib.Data.Real.Basic
Superconductivity.FormalizationRigor,Mathlib.Analysis.SpecialFunctions.Log.Basic
Superconductivity.FormalizationRigor,Mathlib.Analysis.SpecialFunctions.Trigonometric.Basic
Superconductivity.FormalizationRigor,Mathlib.Order.Filter.Basic
Superconductivity.FormalizationRigor,Mathlib.Topology.Defs.Filter
Superconductivity.FormalizationRigor,Mathlib.Tactic
Superconductivity.FormalizationRigor,Superconductivity.CouplingSpace
Superconductivity.FormalizationRigor,Superconductivity.TransitionTemperatureCQM
Superconductivity.MolecularGeometry,Mathlib.Data.Real.Basic
Superconductivity.MolecularGeometry,Mathlib.Data.Matrix.Basic
Superconductivity.MolecularGeometry,Mathlib.Data.Matrix.Block
Superconductivity.MolecularGeometry,Mathlib.LinearAlgebra.Matrix.PosDef
Superconductivity.MolecularGeometry,Mathlib.LinearAlgebra.Matrix.Symmetric
Superconductivity.MolecularGeometry,Mathlib.Tactic
Superconductivity.MolecularGeometry,CartanAlgebra.Basic
Superconductivity.MolecularGeometry,Superconductivity.SPAF
Superconductivity.MolecularGeometry,Superconductivity.CartanSuperconductivity
Superconductivity.Ontology,Mathlib.Data.Real.Basic
Superconductivity.Ontology,Mathlib.Tactic
Superconductivity.Ontology,CausalSet.Axioms
Superconductivity.Ontology,CartanAlgebra.Basic
Superconductivity.Ontology,SpectralGeometry.Basic
Superconductivity.Ontology,PhysicalConstants.Basic
Superconductivity.Reduction,Mathlib.Data.Real.Basic
Superconductivity.Reduction,Mathlib.Analysis.Real.Pi.Bounds
Superconductivity.Reduction,Mathlib.Analysis.SpecialFunctions.Exp
Superconductivity.Reduction,Mathlib.Analysis.SpecialFunctions.Arsinh
Superconductivity.Reduction,Mathlib.Order.Filter.AtTopBot.Field
Superconductivity.Reduction,Mathlib.Topology.Algebra.Order.Field
Superconductivity.Reduction,Mathlib.Topology.Defs.Filter
Superconductivity.Reduction,Mathlib.Tactic
Superconductivity.Reduction,Superconductivity.TransitionTemperature
Superconductivity.Reduction,Superconductivity.Ontology
Superconductivity.Reduction,PhysicalConstants.Basic
Superconductivity.SPAF,Mathlib.Data.Real.Basic
Superconductivity.SPAF,Mathlib.Data.Matrix.Basic
Superconductivity.SPAF,Mathlib.Data.Matrix.Block
Superconductivity.SPAF,Mathlib.LinearAlgebra.Matrix.PosDef
Superconductivity.SPAF,Mathlib.LinearAlgebra.Matrix.Determinant.Basic
Superconductivity.SPAF,Mathlib.Tactic
Superconductivity.SPAF,CartanAlgebra.Basic
Superconductivity.SPAF,Superconductivity.CartanSuperconductivity
Superconductivity.TestDet,Mathlib.Data.Real.Basic
Superconductivity.TestDet,Mathlib.Data.Matrix.Basic
Superconductivity.TestDet,Mathlib.LinearAlgebra.Matrix.Determinant.Basic
Superconductivity.TestDet,Mathlib.Tactic
Superconductivity.TransitionTemperature,Mathlib.Data.Real.Basic
Superconductivity.TransitionTemperature,Mathlib.Analysis.SpecialFunctions.Exp
Superconductivity.TransitionTemperature,Mathlib.NumberTheory.Harmonic.EulerMascheroni
Superconductivity.TransitionTemperature,Mathlib.Tactic
Superconductivity.TransitionTemperatureCQM,Mathlib.Data.Real.Basic
Superconductivity.TransitionTemperatureCQM,Mathlib.Analysis.SpecialFunctions.Exp
Superconductivity.TransitionTemperatureCQM,Mathlib.Analysis.SpecialFunctions.Artanh
Superconductivity.TransitionTemperatureCQM,Mathlib.NumberTheory.Harmonic.EulerMascheroni
Superconductivity.TransitionTemperatureCQM,Mathlib.Tactic
