module,file,theorem_like,def_like,axiom,structure,inductive,instance,total_decl
Audit,Audit.lean,0,0,0,0,0,0,0
CartanAlgebra,CartanAlgebra.lean,0,0,0,0,0,0,0
CartanAlgebra.Basic,CartanAlgebra/Basic.lean,33,29,0,0,0,0,62
CausalSet,CausalSet.lean,0,0,0,0,0,0,0
CausalSet.Axioms,CausalSet/Axioms.lean,0,0,4,0,0,0,4
CausalSet.Basic,CausalSet/Basic.lean,3,4,0,2,0,0,9
CausalSet.Reproduction,CausalSet/Reproduction.lean,5,2,0,1,0,0,8
CausalSet.Sprinkling,CausalSet/Sprinkling.lean,14,8,0,1,0,0,23
CouplingSpace,CouplingSpace.lean,0,0,0,0,0,0,0
CouplingSpace.Basic,CouplingSpace/Basic.lean,7,5,0,1,0,0,13
CouplingSpace.Uncertainty,CouplingSpace/Uncertainty.lean,14,7,0,1,0,0,22
Decoherence,Decoherence.lean,0,0,0,0,0,0,0
Decoherence.Basic,Decoherence/Basic.lean,6,5,0,0,1,0,12
Decoherence.DeepCoupling,Decoherence/DeepCoupling.lean,9,5,2,5,2,0,23
FGChain,FGChain.lean,0,0,0,0,0,0,0
FGChain.Basic,FGChain/Basic.lean,3,0,0,2,0,0,5
FGChain.BundleEOM,FGChain/BundleEOM.lean,5,5,0,5,0,0,15
FGChain.CartanToShell,FGChain/CartanToShell.lean,24,9,0,0,0,0,33
FGChain.CurvatureDerivation,FGChain/CurvatureDerivation.lean,8,3,0,5,0,0,16
FGChain.CurvatureOperator,FGChain/CurvatureOperator.lean,7,1,0,2,0,0,10
FGChain.FiberBundle,FGChain/FiberBundle.lean,8,7,0,5,0,0,20
FGChain.Hierarchy,FGChain/Hierarchy.lean,6,2,0,3,1,0,12
FGChain.Observable,FGChain/Observable.lean,15,5,0,0,0,0,20
FGChain.QuantumOscillation,FGChain/QuantumOscillation.lean,8,2,0,3,0,0,13
FGChain.ReggeBase,FGChain/ReggeBase.lean,6,3,0,1,0,0,10
FGChain.SyncOperator,FGChain/SyncOperator.lean,14,6,0,2,0,0,22
FGChain.Synchronization,FGChain/Synchronization.lean,11,3,0,6,1,0,21
GN,GN.lean,0,0,0,0,0,0,0
GN.AdeleJacobian,GN/AdeleJacobian.lean,11,5,0,0,0,0,16
GN.Basic,GN/Basic.lean,0,0,0,0,0,0,0
GN.Constructions,GN/Constructions.lean,14,2,0,0,0,0,16
GN.SierraCQM,GN/SierraCQM.lean,6,3,0,0,0,0,9
GN.SimplexSpectrum,GN/SimplexSpectrum.lean,57,18,0,0,0,0,75
GN.TripleIdentity,GN/TripleIdentity.lean,13,3,0,0,0,0,16
Methodology,Methodology.lean,0,0,0,0,0,0,0
Methodology.Basic,Methodology/Basic.lean,8,18,10,1,0,0,37
PhysicalConstants,PhysicalConstants.lean,0,0,0,0,0,0,0
PhysicalConstants.Basic,PhysicalConstants/Basic.lean,20,15,0,0,0,0,35
PrimeGeometry,PrimeGeometry.lean,0,0,0,0,0,0,0
PrimeGeometry.Basic,PrimeGeometry/Basic.lean,16,9,0,2,0,0,27
PrimeGeometry.Compton,PrimeGeometry/Compton.lean,20,9,2,1,0,0,32
PrimeGeometry.Generation,PrimeGeometry/Generation.lean,10,1,0,0,0,0,11
PrimeGeometry.Particle,PrimeGeometry/Particle.lean,10,4,0,0,0,0,14
PrimeGeometry.Spin,PrimeGeometry/Spin.lean,12,7,0,0,1,0,20
PrimeGeometry.WindingDensity,PrimeGeometry/WindingDensity.lean,12,4,1,0,0,0,17
SpectralGeometry,SpectralGeometry.lean,0,0,0,0,0,0,0
SpectralGeometry.Basic,SpectralGeometry/Basic.lean,58,20,1,0,0,0,79
SpectralGeometry.GLnTrivialSpectralQuantum,SpectralGeometry/GLnTrivialSpectralQuantum.lean,12,5,0,0,0,0,17
SpectralGeometry.Mathieu,SpectralGeometry/Mathieu.lean,17,5,2,1,0,0,25
SpectralGeometry.MathieuContinuedFraction,SpectralGeometry/MathieuContinuedFraction.lean,31,8,0,0,0,0,39
SpectralGeometry.RiemannXi,SpectralGeometry/RiemannXi.lean,10,1,1,0,0,0,12
Superconductivity,Superconductivity.lean,0,0,0,0,0,0,0
Superconductivity.BCSIntegralAsymptotic,Superconductivity/BCSIntegralAsymptotic.lean,10,2,0,0,0,0,12
Superconductivity.BridgeTheorems,Superconductivity/BridgeTheorems.lean,25,4,0,0,0,0,29
Superconductivity.CartanSuperconductivity,Superconductivity/CartanSuperconductivity.lean,25,12,0,0,0,0,37
Superconductivity.CouplingSpace,Superconductivity/CouplingSpace.lean,0,20,0,1,0,0,21
Superconductivity.DeepConstruction,Superconductivity/DeepConstruction.lean,12,19,0,0,0,0,31
Superconductivity.DeepResearch,Superconductivity/DeepResearch.lean,16,16,0,1,0,0,33
Superconductivity.ElementCartan,Superconductivity/ElementCartan.lean,39,24,0,0,0,0,63
Superconductivity.FirstPrinciples,Superconductivity/FirstPrinciples.lean,20,8,0,0,0,0,28
Superconductivity.FormalizationRigor,Superconductivity/FormalizationRigor.lean,22,17,0,1,0,0,40
Superconductivity.MolecularGeometry,Superconductivity/MolecularGeometry.lean,50,23,0,4,0,0,77
Superconductivity.Ontology,Superconductivity/Ontology.lean,7,3,5,0,0,0,15
Superconductivity.Reduction,Superconductivity/Reduction.lean,23,8,0,0,0,0,31
Superconductivity.SPAF,Superconductivity/SPAF.lean,60,15,0,0,1,0,76
Superconductivity.TestDet,Superconductivity/TestDet.lean,9,2,0,0,0,0,11
Superconductivity.TransitionTemperature,Superconductivity/TransitionTemperature.lean,3,2,0,0,0,0,5
Superconductivity.TransitionTemperatureCQM,Superconductivity/TransitionTemperatureCQM.lean,3,6,0,0,0,0,9
