node_idx,concept_id,label,type,d_in,d_out,d_hyper,type_共形场论,type_关系类型,type_几何,type_引力层级,type_数学结构,type_数论,type_本体论,type_物理,type_理论框架,type_纤维丛,type_群论,type_量纲
0,C001,前时空,本体论,0,1,0,0,0,0,0,0,0,1,0,0,0,0,0
1,C002,物质先在,本体论,0,1,1,0,0,0,0,0,0,1,0,0,0,0,0
2,C003,再生产,本体论,0,1,1,0,0,0,0,0,0,1,0,0,0,0,0
3,C004,因果集,数学结构,0,1,0,0,0,0,0,1,0,0,0,0,0,0,0
4,C005,禁闭边界,本体论,2,0,1,0,0,0,0,0,0,1,0,0,0,0,0
5,C006,禁闭内部,本体论,0,1,0,0,0,0,0,0,0,1,0,0,0,0,0
6,C007,物质自组织,本体论,2,3,3,0,0,0,0,0,0,1,0,0,0,0,0
7,C008,退相干,本体论,0,1,0,0,0,0,0,0,0,1,0,0,0,0,0
8,C009,因果网络同步理论,理论框架,1,1,0,0,0,0,0,0,0,0,0,1,0,0,0
9,C010,质数前网络,数学结构,0,1,0,0,0,0,0,1,0,0,0,0,0,0,0
10,C011,自我限制算符,数学结构,0,1,0,0,0,0,0,1,0,0,0,0,0,0,0
11,C012,同步算符,数学结构,4,2,3,0,0,0,0,1,0,0,0,0,0,0,0
12,C013,GL5固定层级,群论,2,1,1,0,0,0,0,0,0,0,0,0,0,1,0
13,C014,SU5基态,群论,3,2,4,0,0,0,0,0,0,0,0,0,0,1,0
14,C015,重组实现,关系类型,1,0,0,0,1,0,0,0,0,0,0,0,0,0,0
15,C016,内禀时间,本体论,0,1,0,0,0,0,0,0,0,1,0,0,0,0,0
16,C017,GR,引力层级,1,1,0,0,0,0,1,0,0,0,0,0,0,0,0
17,C018,FG,引力层级,2,1,0,0,0,0,1,0,0,0,0,0,0,0,0
18,C019,引力因果限制场,引力层级,0,1,0,0,0,0,1,0,0,0,0,0,0,0,0
19,C020,主丛,纤维丛,1,1,0,0,0,0,0,0,0,0,0,0,1,0,0
20,C021,伴丛,纤维丛,0,1,0,0,0,0,0,0,0,0,0,0,1,0,0
21,C022,联络,纤维丛,1,1,0,0,0,0,0,0,0,0,0,0,1,0,0
22,C023,曲率,纤维丛,1,1,0,0,0,0,0,0,0,0,0,0,1,0,0
23,C024,和乐,纤维丛,0,1,0,0,0,0,0,0,0,0,0,0,1,0,0
24,C025,Regge剖分,几何,0,1,0,0,0,1,0,0,0,0,0,0,0,0,0
25,C026,角亏,几何,4,2,1,0,0,1,0,0,0,0,0,0,0,0,0
26,C027,固有时流速,几何,2,0,0,0,0,1,0,0,0,0,0,0,0,0,0
27,C028,Regge铰链,几何,1,0,1,0,0,1,0,0,0,0,0,0,0,0,0
28,C029,中子缺陷矩阵,几何,0,2,2,0,0,1,0,0,0,0,0,0,0,0,0
29,C030,元素嘉当矩阵,群论,1,0,1,0,0,0,0,0,0,0,0,0,0,1,0
30,C031,对数比参数,几何,0,1,0,0,0,1,0,0,0,0,0,0,0,0,0
31,C032,时间量纲,量纲,6,1,0,0,0,0,0,0,0,0,0,0,0,0,1
32,C033,长度量纲,量纲,0,1,0,0,0,0,0,0,0,0,0,0,0,0,1
33,C034,质量量纲,量纲,0,1,0,0,0,0,0,0,0,0,0,0,0,0,1
34,C035,电荷量纲,量纲,0,1,0,0,0,0,0,0,0,0,0,0,0,0,1
35,C036,温度量纲,量纲,0,1,0,0,0,0,0,0,0,0,0,0,0,0,1
36,C037,物质的量量纲,量纲,0,1,0,0,0,0,0,0,0,0,0,0,0,0,1
37,C038,发光强度量纲,量纲,0,1,0,0,0,0,0,0,0,0,0,0,0,0,1
38,C039,量纲转换常数族,量纲,1,0,0,0,0,0,0,0,0,0,0,0,0,0,1
39,C040,自守形式,数论,3,1,2,0,0,0,0,0,1,0,0,0,0,0,0
40,C041,自守因子,数论,0,1,0,0,0,0,0,0,1,0,0,0,0,0,0
41,C042,极大关系群,群论,0,1,1,0,0,0,0,0,0,0,0,0,0,1,0
42,C043,黎曼zeta函数,数论,1,1,0,0,0,0,0,0,1,0,0,0,0,0,0
43,C044,黎曼xi函数,数论,0,2,0,0,0,0,0,0,1,0,0,0,0,0,0
44,C045,黎曼零点,数论,0,1,0,0,0,0,0,0,1,0,0,0,0,0,0
45,C046,耦级,数论,2,1,0,0,0,0,0,0,1,0,0,0,0,0,0
46,C047,第一耦级,数论,0,1,1,0,0,0,0,0,1,0,0,0,0,0,0
47,C048,相变量子,数论,2,3,2,0,0,0,0,0,1,0,0,0,0,0,0
48,C049,谱算符,数论,1,1,2,0,0,0,0,0,1,0,0,0,0,0,0
49,C050,耦谱定理,数论,0,1,0,0,0,0,0,0,1,0,0,0,0,0,0
50,C051,RH,数论,4,1,1,0,0,0,0,0,1,0,0,0,0,0,0
51,C052,GRH,数论,0,1,0,0,0,0,0,0,1,0,0,0,0,0,0
52,C053,4-单纯形,几何,0,1,0,0,0,1,0,0,0,0,0,0,0,0,0
53,C054,A4嘉当矩阵,群论,0,2,2,0,0,0,0,0,0,0,0,0,0,1,0
54,C055,边面关联矩阵,几何,1,1,1,0,0,1,0,0,0,0,0,0,0,0,0
55,C056,Dynkin指数比,群论,0,1,1,0,0,0,0,0,0,0,0,0,0,1,0
56,C057,Mathieu临界,数论,0,1,1,0,0,0,0,0,1,0,0,0,0,0,0
57,C058,谱修正,数论,1,1,1,0,0,0,0,0,1,0,0,0,0,0,0
58,C059,Weyl群,群论,1,1,1,0,0,0,0,0,0,0,0,0,0,1,0
59,C060,耦合坐标,物理,1,0,0,0,0,0,0,0,0,0,1,0,0,0,0
60,C061,耦合动量,物理,1,0,0,0,0,0,0,0,0,0,1,0,0,0,0
61,C062,海森堡代数,物理,0,1,0,0,0,0,0,0,0,0,1,0,0,0,0
62,C063,跃迁耦级谱,物理,0,1,1,0,0,0,0,0,0,0,1,0,0,0,0
63,C064,资格条件,物理,1,0,1,0,0,0,0,0,0,0,1,0,0,0,0
64,C065,结构群叠加态,物理,0,1,0,0,0,0,0,0,0,0,1,0,0,0,0
65,C066,候选群族,群论,3,0,0,0,0,0,0,0,0,0,0,0,0,1,0
66,C067,丛作用量,物理,1,0,1,0,0,0,0,0,0,0,1,0,0,0,0
67,C068,主导群,群论,0,1,0,0,0,0,0,0,0,0,0,0,0,1,0
68,C069,超导同步算符,物理,0,1,0,0,0,0,0,0,0,0,1,0,0,0,0
69,C070,临界温度,物理,1,1,1,0,0,0,0,0,0,0,1,0,0,0,0
70,C071,声子,物理,0,1,1,0,0,0,0,0,0,0,1,0,0,0,0
71,C072,赝能隙,物理,0,1,0,0,0,0,0,0,0,0,1,0,0,0,0
72,C073,FG层级四元组,纤维丛,0,1,1,0,0,0,0,0,0,0,0,0,1,0,0
73,C074,共形固定点,共形场论,1,2,3,1,0,0,0,0,0,0,0,0,0,0,0
74,C075,共形自举,共形场论,4,1,1,1,0,0,0,0,0,0,0,0,0,0,0
75,C076,Virasoro代数,共形场论,3,0,0,1,0,0,0,0,0,0,0,0,0,0,0
76,C077,中央荷,共形场论,0,1,0,1,0,0,0,0,0,0,0,0,0,0,0
77,C078,共形维度,共形场论,0,1,0,1,0,0,0,0,0,0,0,0,0,0,0
78,C079,Dirac条件,共形场论,0,1,0,1,0,0,0,0,0,0,0,0,0,0,0
79,C080,朗兰兹函子性,数论,0,1,0,0,0,0,0,0,1,0,0,0,0,0,0
80,C081,G_N,物理,1,0,1,0,0,0,0,0,0,0,1,0,0,0,0
81,C082,Wyler常数,数论,1,0,1,0,0,0,0,0,1,0,0,0,0,0,0
