node_idx,concept_id,f0,f1,f2,f3,f4,f5,f6,f7,f8,f9,f10,f11,f12,f13,f14
0,C001,0,0,0,0,0,0,1,0,0,0,0,0,0,1,0
1,C002,0,0,0,0,0,0,1,0,0,0,0,0,0,1,1
2,C003,0,0,0,0,0,0,1,0,0,0,0,0,0,1,1
3,C004,0,0,0,0,1,0,0,0,0,0,0,0,0,1,0
4,C005,0,0,0,0,0,0,1,0,0,0,0,0,2,0,1
5,C006,0,0,0,0,0,0,1,0,0,0,0,0,0,1,0
6,C007,0,0,0,0,0,0,1,0,0,0,0,0,2,3,3
7,C008,0,0,0,0,0,0,1,0,0,0,0,0,0,1,0
8,C009,0,0,0,0,0,0,0,0,1,0,0,0,1,1,0
9,C010,0,0,0,0,1,0,0,0,0,0,0,0,0,1,0
10,C011,0,0,0,0,1,0,0,0,0,0,0,0,0,1,0
11,C012,0,0,0,0,1,0,0,0,0,0,0,0,4,2,3
12,C013,0,0,0,0,0,0,0,0,0,0,1,0,2,1,1
13,C014,0,0,0,0,0,0,0,0,0,0,1,0,3,2,4
14,C015,0,1,0,0,0,0,0,0,0,0,0,0,1,0,0
15,C016,0,0,0,0,0,0,1,0,0,0,0,0,0,1,0
16,C017,0,0,0,1,0,0,0,0,0,0,0,0,1,1,0
17,C018,0,0,0,1,0,0,0,0,0,0,0,0,2,1,0
18,C019,0,0,0,1,0,0,0,0,0,0,0,0,0,1,0
19,C020,0,0,0,0,0,0,0,0,0,1,0,0,1,1,0
20,C021,0,0,0,0,0,0,0,0,0,1,0,0,0,1,0
21,C022,0,0,0,0,0,0,0,0,0,1,0,0,1,1,0
22,C023,0,0,0,0,0,0,0,0,0,1,0,0,1,1,0
23,C024,0,0,0,0,0,0,0,0,0,1,0,0,0,1,0
24,C025,0,0,1,0,0,0,0,0,0,0,0,0,0,1,0
25,C026,0,0,1,0,0,0,0,0,0,0,0,0,4,2,1
26,C027,0,0,1,0,0,0,0,0,0,0,0,0,2,0,0
27,C028,0,0,1,0,0,0,0,0,0,0,0,0,1,0,1
28,C029,0,0,1,0,0,0,0,0,0,0,0,0,0,2,2
29,C030,0,0,0,0,0,0,0,0,0,0,1,0,1,0,1
30,C031,0,0,1,0,0,0,0,0,0,0,0,0,0,1,0
31,C032,0,0,0,0,0,0,0,0,0,0,0,1,6,1,0
32,C033,0,0,0,0,0,0,0,0,0,0,0,1,0,1,0
33,C034,0,0,0,0,0,0,0,0,0,0,0,1,0,1,0
34,C035,0,0,0,0,0,0,0,0,0,0,0,1,0,1,0
35,C036,0,0,0,0,0,0,0,0,0,0,0,1,0,1,0
36,C037,0,0,0,0,0,0,0,0,0,0,0,1,0,1,0
37,C038,0,0,0,0,0,0,0,0,0,0,0,1,0,1,0
38,C039,0,0,0,0,0,0,0,0,0,0,0,1,1,0,0
39,C040,0,0,0,0,0,1,0,0,0,0,0,0,3,1,2
40,C041,0,0,0,0,0,1,0,0,0,0,0,0,0,1,0
41,C042,0,0,0,0,0,0,0,0,0,0,1,0,0,1,1
42,C043,0,0,0,0,0,1,0,0,0,0,0,0,1,1,0
43,C044,0,0,0,0,0,1,0,0,0,0,0,0,0,2,0
44,C045,0,0,0,0,0,1,0,0,0,0,0,0,0,1,0
45,C046,0,0,0,0,0,1,0,0,0,0,0,0,2,1,0
46,C047,0,0,0,0,0,1,0,0,0,0,0,0,0,1,1
47,C048,0,0,0,0,0,1,0,0,0,0,0,0,2,3,2
48,C049,0,0,0,0,0,1,0,0,0,0,0,0,1,1,2
49,C050,0,0,0,0,0,1,0,0,0,0,0,0,0,1,0
50,C051,0,0,0,0,0,1,0,0,0,0,0,0,4,1,1
51,C052,0,0,0,0,0,1,0,0,0,0,0,0,0,1,0
52,C053,0,0,1,0,0,0,0,0,0,0,0,0,0,1,0
53,C054,0,0,0,0,0,0,0,0,0,0,1,0,0,2,2
54,C055,0,0,1,0,0,0,0,0,0,0,0,0,1,1,1
55,C056,0,0,0,0,0,0,0,0,0,0,1,0,0,1,1
56,C057,0,0,0,0,0,1,0,0,0,0,0,0,0,1,1
57,C058,0,0,0,0,0,1,0,0,0,0,0,0,1,1,1
58,C059,0,0,0,0,0,0,0,0,0,0,1,0,1,1,1
59,C060,0,0,0,0,0,0,0,1,0,0,0,0,1,0,0
60,C061,0,0,0,0,0,0,0,1,0,0,0,0,1,0,0
61,C062,0,0,0,0,0,0,0,1,0,0,0,0,0,1,0
62,C063,0,0,0,0,0,0,0,1,0,0,0,0,0,1,1
63,C064,0,0,0,0,0,0,0,1,0,0,0,0,1,0,1
64,C065,0,0,0,0,0,0,0,1,0,0,0,0,0,1,0
65,C066,0,0,0,0,0,0,0,0,0,0,1,0,3,0,0
66,C067,0,0,0,0,0,0,0,1,0,0,0,0,1,0,1
67,C068,0,0,0,0,0,0,0,0,0,0,1,0,0,1,0
68,C069,0,0,0,0,0,0,0,1,0,0,0,0,0,1,0
69,C070,0,0,0,0,0,0,0,1,0,0,0,0,1,1,1
70,C071,0,0,0,0,0,0,0,1,0,0,0,0,0,1,1
71,C072,0,0,0,0,0,0,0,1,0,0,0,0,0,1,0
72,C073,0,0,0,0,0,0,0,0,0,1,0,0,0,1,1
73,C074,1,0,0,0,0,0,0,0,0,0,0,0,1,2,3
74,C075,1,0,0,0,0,0,0,0,0,0,0,0,4,1,1
75,C076,1,0,0,0,0,0,0,0,0,0,0,0,3,0,0
76,C077,1,0,0,0,0,0,0,0,0,0,0,0,0,1,0
77,C078,1,0,0,0,0,0,0,0,0,0,0,0,0,1,0
78,C079,1,0,0,0,0,0,0,0,0,0,0,0,0,1,0
79,C080,0,0,0,0,0,1,0,0,0,0,0,0,0,1,0
80,C081,0,0,0,0,0,0,0,1,0,0,0,0,1,0,1
81,C082,0,0,0,0,0,1,0,0,0,0,0,0,1,0,1
